{
  "timestamp": "2025-10-05T16:28:56.808930",
  "individual_models": {
    "xgboost": {
      "accuracy": 0.6654411764705882,
      "log_loss": 0.6074498012576557,
      "auc_roc": 0.7281563942438231,
      "brier_score": 0.21096769935087684,
      "passed": true
    },
    "lightgbm": {
      "accuracy": 0.6727941176470589,
      "log_loss": 0.5930393963036589,
      "auc_roc": 0.7449361933206625,
      "brier_score": 0.20489954483678458,
      "passed": true
    },
    "random_forest": {
      "accuracy": 0.6764705882352942,
      "log_loss": 0.6179459031328776,
      "auc_roc": 0.7383111593809394,
      "brier_score": 0.214149158986396,
      "passed": true
    },
    "neural_network": {
      "accuracy": 0.6397058823529411,
      "log_loss": 0.9363502455906688,
      "auc_roc": 0.6805864784143362,
      "brier_score": 0.2613549522259409,
      "passed": true
    }
  },
  "ensemble_validation": {
    "passed": true,
    "validation": {
      "accuracy": 0.6838235294117647,
      "log_loss": 0.5922345078488049,
      "auc_roc": 0.7441759435243008,
      "brier_score": 0.20399048741686002
    },
    "test": {
      "accuracy": 0,
      "log_loss": 0,
      "auc_roc": 0,
      "brier_score": 0
    }
  },
  "model_metadata": {
    "feature_count": 46,
    "training_games": 2139,
    "validation_games": 272,
    "test_games": 0
  }
}