{
  "week_number": 5,
  "season": 2025,
  "timestamp": "2025-10-05T16:49:11.209120",
  "total_games": 5,
  "predictions": [
    {
      "game": {
        "home_team": "KC",
        "away_team": "BUF",
        "spread_line": -3.5,
        "total_line": 52.5,
        "temperature": 45,
        "wind_speed": 8,
        "humidity": 60
      },
      "consolidated": {
        "home_probability": 0.5812249891839406,
        "away_probability": 0.4187750108160594,
        "prediction": "KC",
        "confidence": 0.16244997836788116,
        "model_agreement": true
      },
      "individual_models": {
        "xgboost": {
          "home_probability": 0.5259200930595398,
          "away_probability": 0.4740799069404602,
          "prediction": "KC",
          "confidence": 0.05184018611907959
        },
        "lightgbm": {
          "home_probability": 0.5354671209351041,
          "away_probability": 0.46453287906489593,
          "prediction": "KC",
          "confidence": 0.07093424187020814
        },
        "random_forest": {
          "home_probability": 0.5355627266639658,
          "away_probability": 0.4644372733360342,
          "prediction": "KC",
          "confidence": 0.07112545332793152
        },
        "neural_network": {
          "home_probability": 0.7279500160771527,
          "away_probability": 0.2720499839228473,
          "prediction": "KC",
          "confidence": 0.4559000321543054
        }
      },
      "model_count": 4
    },
    {
      "game": {
        "home_team": "DAL",
        "away_team": "PHI",
        "spread_line": -2.0,
        "total_line": 48.0,
        "temperature": 65,
        "wind_speed": 5,
        "humidity": 45
      },
      "consolidated": {
        "home_probability": 0.5757191291447452,
        "away_probability": 0.42428087085525473,
        "prediction": "DAL",
        "confidence": 0.15143825828949042,
        "model_agreement": true
      },
      "individual_models": {
        "xgboost": {
          "home_probability": 0.5259200930595398,
          "away_probability": 0.4740799069404602,
          "prediction": "DAL",
          "confidence": 0.05184018611907959
        },
        "lightgbm": {
          "home_probability": 0.5354671209351041,
          "away_probability": 0.46453287906489593,
          "prediction": "DAL",
          "confidence": 0.07093424187020814
        },
        "random_forest": {
          "home_probability": 0.5355627266639658,
          "away_probability": 0.4644372733360341,
          "prediction": "DAL",
          "confidence": 0.07112545332793152
        },
        "neural_network": {
          "home_probability": 0.7059265759203712,
          "away_probability": 0.2940734240796288,
          "prediction": "DAL",
          "confidence": 0.41185315184074245
        }
      },
      "model_count": 4
    },
    {
      "game": {
        "home_team": "SF",
        "away_team": "LAR",
        "spread_line": -4.0,
        "total_line": 45.5,
        "temperature": 72,
        "wind_speed": 3,
        "humidity": 55
      },
      "consolidated": {
        "home_probability": 0.5697822504848367,
        "away_probability": 0.4302177495151633,
        "prediction": "SF",
        "confidence": 0.13956450096967343,
        "model_agreement": true
      },
      "individual_models": {
        "xgboost": {
          "home_probability": 0.5259200930595398,
          "away_probability": 0.4740799069404602,
          "prediction": "SF",
          "confidence": 0.05184018611907959
        },
        "lightgbm": {
          "home_probability": 0.5354671209351041,
          "away_probability": 0.46453287906489593,
          "prediction": "SF",
          "confidence": 0.07093424187020814
        },
        "random_forest": {
          "home_probability": 0.5355627266639658,
          "away_probability": 0.4644372733360342,
          "prediction": "SF",
          "confidence": 0.07112545332793152
        },
        "neural_network": {
          "home_probability": 0.6821790612807372,
          "away_probability": 0.31782093871926276,
          "prediction": "SF",
          "confidence": 0.3643581225614745
        }
      },
      "model_count": 4
    },
    {
      "game": {
        "home_team": "GB",
        "away_team": "MIN",
        "spread_line": -1.5,
        "total_line": 47.0,
        "temperature": 38,
        "wind_speed": 12,
        "humidity": 70
      },
      "consolidated": {
        "home_probability": 0.5811446850089472,
        "away_probability": 0.41885531499105283,
        "prediction": "GB",
        "confidence": 0.16228937001789434,
        "model_agreement": true
      },
      "individual_models": {
        "xgboost": {
          "home_probability": 0.5259200930595398,
          "away_probability": 0.4740799069404602,
          "prediction": "GB",
          "confidence": 0.05184018611907959
        },
        "lightgbm": {
          "home_probability": 0.5354671209351041,
          "away_probability": 0.46453287906489593,
          "prediction": "GB",
          "confidence": 0.07093424187020814
        },
        "random_forest": {
          "home_probability": 0.5355627266639658,
          "away_probability": 0.4644372733360342,
          "prediction": "GB",
          "confidence": 0.07112545332793152
        },
        "neural_network": {
          "home_probability": 0.7276287993771791,
          "away_probability": 0.27237120062282094,
          "prediction": "GB",
          "confidence": 0.4552575987543581
        }
      },
      "model_count": 4
    },
    {
      "game": {
        "home_team": "MIA",
        "away_team": "NE",
        "spread_line": -6.0,
        "total_line": 43.0,
        "temperature": 78,
        "wind_speed": 7,
        "humidity": 80
      },
      "consolidated": {
        "home_probability": 0.5798983137332138,
        "away_probability": 0.42010168626678623,
        "prediction": "MIA",
        "confidence": 0.15979662746642748,
        "model_agreement": true
      },
      "individual_models": {
        "xgboost": {
          "home_probability": 0.5259200930595398,
          "away_probability": 0.4740799069404602,
          "prediction": "MIA",
          "confidence": 0.05184018611907959
        },
        "lightgbm": {
          "home_probability": 0.5354671209351041,
          "away_probability": 0.46453287906489593,
          "prediction": "MIA",
          "confidence": 0.07093424187020814
        },
        "random_forest": {
          "home_probability": 0.5355627266639658,
          "away_probability": 0.4644372733360342,
          "prediction": "MIA",
          "confidence": 0.07112545332793152
        },
        "neural_network": {
          "home_probability": 0.7226433142742453,
          "away_probability": 0.27735668572575467,
          "prediction": "MIA",
          "confidence": 0.44528662854849066
        }
      },
      "model_count": 4
    }
  ],
  "summary": {
    "total_games": 5,
    "model_agreement_rate": 1.0,
    "average_confidence": 0.1551077470222734,
    "home_team_wins": 5,
    "away_team_wins": 0,
    "home_win_rate": 1.0
  }
}