{
  "model": "spread",
  "timestamp": "2025-10-02T12:46:41.035875",
  "training": {
    "samples": 2351,
    "features": 17,
    "best_iteration": 261
  },
  "validation": {
    "accuracy": 0.6727941176470589,
    "log_loss": 0.6255419893303811,
    "auc_roc": 0.7108878631550366,
    "brier_score": 0.21753020444749105,
    "calibrated_log_loss": 0.592777297716799
  },
  "test": {
    "accuracy": 0.640625,
    "log_loss": 0.6388354638778565
  }
}